,rating,total_rating
0,-4.0,14
1,-3.0,180
2,-2.6666667,1
3,-2.5,28
4,-2.3333333,2
5,-2.0,749
6,-1.8,1
7,-1.6666666,1
8,-1.5,30
9,-1.3333334,21
10,-1.25,1
11,-1.0,187
12,-0.8,1
13,-0.75,1
14,-0.6666667,14
15,-0.5,80
16,-0.33333334,8
17,-0.25,1
