,rating,total
0,0.0,115
1,0.33333334,5
2,0.5,33
3,0.6666667,8
4,1.0,506
5,1.25,1
6,1.3333334,1
7,1.5,32
8,1.6666666,2
9,1.75,3
10,2.0,1398
11,2.3333333,3
12,2.5,14
13,3.0,73
14,4.0,6
15,5.0,2
